{
    "pipeline-1__CODE_GENDER": -0.22139231867523046,
    "pipeline-1__FLAG_OWN_CAR": -0.14547445909868714,
    "pipeline-1__FLAG_OWN_REALTY": 0.0332423054729896,
    "pipeline-1__CNT_CHILDREN": 0.03631128697838697,
    "pipeline-1__AMT_INCOME_TOTAL": 0.022559305661541594,
    "pipeline-1__AMT_CREDIT": 0.6613986015279695,
    "pipeline-1__AMT_ANNUITY": 0.098622994285195,
    "pipeline-1__AMT_GOODS_PRICE": -0.7203614131415886,
    "pipeline-1__DAYS_BIRTH": -0.02681966233904253,
    "pipeline-1__DAYS_EMPLOYED": -0.14300673899692565,
    "pipeline-1__EXT_SOURCE_2": -0.4631503702569271,
    "pipeline-1__EXT_SOURCE_3": -0.5934956142005461,
    "pipeline-2__NAME_CONTRACT_TYPE_Cash loans": 0.1225853324188697,
    "pipeline-2__NAME_CONTRACT_TYPE_Revolving loans": -0.2185271121429034,
    "pipeline-2__NAME_TYPE_SUITE_Children": 0.23778880956115772,
    "pipeline-2__NAME_TYPE_SUITE_Family": 0.0836008286283622,
    "pipeline-2__NAME_TYPE_SUITE_Group of people": -0.6237648362241036,
    "pipeline-2__NAME_TYPE_SUITE_Other_A": 0.0954269469309669,
    "pipeline-2__NAME_TYPE_SUITE_Other_B": 0.05501925720373514,
    "pipeline-2__NAME_TYPE_SUITE_Spouse, partner": -0.06485858174541498,
    "pipeline-2__NAME_TYPE_SUITE_Unaccompanied": 0.12084579592118161,
    "pipeline-2__NAME_INCOME_TYPE_Commercial associate": 0.018568741759619804,
    "pipeline-2__NAME_INCOME_TYPE_Pensioner": -0.0228263981526954,
    "pipeline-2__NAME_INCOME_TYPE_State servant": -0.13731328721570532,
    "pipeline-2__NAME_INCOME_TYPE_Working": 0.04562916388419098,
    "pipeline-2__NAME_EDUCATION_TYPE_Academic degree": -0.44355237916075674,
    "pipeline-2__NAME_EDUCATION_TYPE_Higher education": -0.3567282537174023,
    "pipeline-2__NAME_EDUCATION_TYPE_Incomplete higher": 0.0031014120778935475,
    "pipeline-2__NAME_EDUCATION_TYPE_Lower secondary": 0.4826425083804608,
    "pipeline-2__NAME_EDUCATION_TYPE_Secondary / secondary special": 0.21859493269555963,
    "pipeline-2__NAME_FAMILY_STATUS_Civil marriage": 0.02676920097539811,
    "pipeline-2__NAME_FAMILY_STATUS_Married": -0.08911702283230248,
    "pipeline-2__NAME_FAMILY_STATUS_Separated": 0.0388832326745633,
    "pipeline-2__NAME_FAMILY_STATUS_Single / not married": 0.07173690009428266,
    "pipeline-2__NAME_FAMILY_STATUS_Widow": -0.14421409063654755,
    "pipeline-2__NAME_HOUSING_TYPE_Co-op apartment": -0.040375902672913834,
    "pipeline-2__NAME_HOUSING_TYPE_House / apartment": -0.10687374402986258,
    "pipeline-2__NAME_HOUSING_TYPE_Municipal apartment": -0.08080131817536916,
    "pipeline-2__NAME_HOUSING_TYPE_Office apartment": 0.4264307418263573,
    "pipeline-2__NAME_HOUSING_TYPE_Rented apartment": -0.021852470680890305,
    "pipeline-2__NAME_HOUSING_TYPE_With parents": -0.2724690859916276
}